id;description;status;when_created
1;Small;ACTIVE;2019-10-16T17:20:39
2;Bridge;ACTIVE;2019-10-16T14:51:58
3;e-business Light;ACTIVE;2019-10-16T18:59:23
4;Gorgeous Cotton Chair Personal Loan Account Borders;ACTIVE;2019-10-16T11:34:43
5;Solutions COM;INACTIVE;2019-10-17T00:54:57
6;deposit Station;ACTIVE;2019-10-16T14:32:30
7;invoice teal analyzing;INACTIVE;2019-10-17T09:47:40
8;Generic;ACTIVE;2019-10-16T17:52:24
9;wireless;ACTIVE;2019-10-17T07:23:45
10;Rupiah Personal Loan Account HTTP;DRAFT;2019-10-17T00:04:07
