id;recipient_id;posted_by_member_id;message_body;when_created
1;16068;85081;Gorgeous;2019-10-16T14:53:29
2;17337;5565;bypassing Sleek Steel Shirt Rand Namibia Dollar;2019-10-16T10:17:53
3;11203;89661;Wisconsin Human;2019-10-17T10:06:17
4;81707;97506;Bedfordshire;2019-10-16T16:52:57
5;66864;82086;hard drive Mexico Gardens;2019-10-16T14:06:22
6;76949;20507;Director;2019-10-16T17:10:09
7;42543;19950;program Bouvet Island (Bouvetoya);2019-10-16T17:15:31
8;61062;76777;Awesome;2019-10-16T22:05:08
9;15436;93201;internet solution Checking Account;2019-10-17T01:22:13
10;33660;45426;Bahamas;2019-10-16T21:03:28
