id;member_id;inviter_id;first_name;email_address;relationship_to_inviter;permission;status;status_tlm;when_created
1;32320;21876;Joshuah;Kenyan Shilling robust;Versatile Exclusive Moroccan Dirham;NONE;INVITED;2019-10-17T09:26:19;2019-10-17T03:32:39
2;34507;90826;Lorenza;Canadian Dollar;Berkshire Designer;EDIT;INACTIVE;2019-10-17T04:31:42;2019-10-17T04:25:12
3;72821;80313;Fredy;invoice withdrawal;bypassing optical;NONE;PENDING;2019-10-16T13:37:53;2019-10-16T20:03:02
4;32595;67756;Dakota;firewall;Future-proofed deposit Sausages;NONE;ACTIVE;2019-10-16T13:10:33;2019-10-16T17:31:59
5;25794;22855;Magdalena;parsing;Borders content-based;EDIT;INACTIVE;2019-10-16T17:25:24;2019-10-16T16:48:32
6;84666;89711;Russel;drive THX bypassing;Cheese Dynamic Home Loan Account;NONE;INACTIVE;2019-10-16T21:03:44;2019-10-16T22:34:38
7;69189;44842;Macie;Devolved driver Networked;Fish;NONE;INACTIVE;2019-10-16T22:01:13;2019-10-17T01:24:24
8;63633;26520;Demarcus;Wisconsin;target Human withdrawal;EDIT;INVITED;2019-10-17T09:38:53;2019-10-16T15:47:12
9;64547;4360;Charlie;Applications Response Human;back up Factors;EDIT;INVITED;2019-10-17T02:53:42;2019-10-17T00:59:22
10;19091;85113;Domenick;Bedfordshire;Maryland Configuration;EDIT;INACTIVE;2019-10-16T13:10:30;2019-10-17T02:29:26
