id;relationship_to_you;status;status_tlm;when_created
1;calculating Metal array;ACTIVE;2019-10-16T14:47:21;2019-10-17T04:04:58
2;Personal Loan Account Sleek Beauty;DRAFT;2019-10-16T17:23:05;2019-10-17T00:42:32
3;Unbranded Fresh Pants Tools California;DRAFT;2019-10-16T23:03:27;2019-10-17T06:30:39
4;Specialist generating;DRAFT;2019-10-17T07:10:56;2019-10-17T02:23:32
5;synthesizing composite;INACTIVE;2019-10-16T21:15:24;2019-10-16T17:26:37
6;Metal Frozen;DRAFT;2019-10-17T03:43:55;2019-10-16T23:49:38
7;bypass Ameliorated;DRAFT;2019-10-16T14:10:06;2019-10-16T23:57:08
8;Som Rustic Frozen Keyboard ROI;ACTIVE;2019-10-16T17:04:54;2019-10-17T05:50:35
9;Response invoice;DRAFT;2019-10-16T19:33:02;2019-10-16T16:42:40
10;Gorgeous Rubber Pants Cheese;INACTIVE;2019-10-17T07:26:46;2019-10-17T08:01:43
